NUPs;DT_PROTOCOLO;DT_PROTOCOLO_ORIGEM;DT_CORREIO_MAOS_EMAIL;NU_CNPJ;ASSUNTO;A_LEI
25000.040366/2010-22;16/03/2010;;;20.079.166/0001-52;REQUERIMENTO>>RENOVAÇÃO;LEI 12.101
25000.003633/2015-95;12/01/2015;;31/12/2014;20.079.166/0001-52;REQUERIMENTO>>RENOVAÇÃO;LEI 12.101
25000.023314/2017-68;15/02/2017;;;20.079.166/0001-52;PROCESSO>>SUPERVISÃO;LEI 12.101
25000.000818/2018-91;03/01/2018;;;20.079.166/0001-52;REQUERIMENTO>>RENOVAÇÃO;LEI 12.101
25000.069503/2019-49;23/04/2019;;;20.079.166/0001-52;PROCESSO>>SUPERVISÃO;LEI 12.101
25000.184734/2020-15;31/12/2020;;;20.079.166/0001-52;REQUERIMENTO>>RENOVAÇÃO;LEI 12.101
25000.103093/2021-97;07/07/2021;;;20.079.166/0001-52;PROCESSO>>SUPERVISÃO;LEI 12.101
25000.143977/2024-27;25/09/2024;;;20.079.166/0001-52;PROCESSO>>SUPERVISÃO;LEI 12.101
25000.225078/2025-22;26/12/2025;;;20.079.166/0001-52;REQUERIMENTO>>RENOVAÇÃO;LEI COMPLEMENTAR 187
25000.047659/2026-06;31/03/2026;;;20.079.166/0001-52;PROCESSO>>SUPERVISÃO;LEI 12.101
25000.033623/2010-70;05/03/2010;10/06/2009;;29.640.612/0001-20;REQUERIMENTO>>RENOVAÇÃO;DECRETO 2536
25000.132946/2012-15;27/06/2012;;;29.640.612/0001-20;REQUERIMENTO>>RENOVAÇÃO;LEI 12.101
25000.133058/2012-10;28/06/2012;;;29.640.612/0001-20;REQUERIMENTO>>RENOVAÇÃO;LEI 12.101
25000.021218/2014-32;10/02/2014;;;29.640.612/0001-20;PROCESSO>>SUPERVISÃO;DECRETO 2536
25000.191050/2015-11;23/11/2015;;17/11/2015;29.640.612/0001-20;REQUERIMENTO>>RENOVAÇÃO;LEI 12.101
25000.195795/2018-93;09/11/2018;;;29.640.612/0001-20;REQUERIMENTO>>RENOVAÇÃO;LEI 12.101
25000.063227/2019-13;11/04/2019;;;29.640.612/0001-20;PROCESSO>>SUPERVISÃO;LEI 12.101
25000.115374/2019-78;10/07/2019;;;29.640.612/0001-20;PROCESSO>>SUPERVISÃO;LEI 12.101
25000.104582/2021-66;09/07/2021;;;29.640.612/0001-20;REQUERIMENTO>>RENOVAÇÃO;LEI 12.101
25000.120324/2022-16;25/08/2022;;;29.640.612/0001-20;PROCESSO>>SUPERVISÃO;LEI 12.101
25000.068436/2024-11;10/05/2024;;;29.640.612/0001-20;REQUERIMENTO>>RENOVAÇÃO;LEI COMPLEMENTAR 187
25000.109084/2025-33;30/06/2025;;;29.640.612/0001-20;PROCESSO>>SUPERVISÃO;LEI 12.101
25000.139989/2010-51;16/08/2010;;;01.323.146/0001-30;REQUERIMENTO>>RENOVAÇÃO;LEI 12.101
25000.159290/2012-70;11/09/2012;;;01.323.146/0001-30;PROCESSO>>SUPERVISÃO;LEI 12.101
25000.067824/2013-13;22/04/2013;;;01.323.146/0001-30;REQUERIMENTO>>RENOVAÇÃO;LEI 12.101
25000.071926/2015-03;12/05/2015;;06/05/2015;01.323.146/0001-30;REQUERIMENTO>>RENOVAÇÃO;LEI 12.101
25000.077890/2018-14;04/05/2018;;;01.323.146/0001-30;REQUERIMENTO>>RENOVAÇÃO;LEI 12.101
25000.198492/2018-22;14/11/2018;;;01.323.146/0001-30;PROCESSO>>SUPERVISÃO;LEI 12.101
25000.114443/2019-26;09/07/2019;;;01.323.146/0001-30;PROCESSO>>SUPERVISÃO;LEI 12.101
25000.050165/2021-96;05/04/2021;;;01.323.146/0001-30;REQUERIMENTO>>RENOVAÇÃO;LEI 12.101
25000.094654/2022-31;05/07/2022;;;01.323.146/0001-30;PROCESSO>>SUPERVISÃO;LEI 12.101
25000.075532/2025-98;16/05/2025;;;01.323.146/0001-30;REQUERIMENTO>>RENOVAÇÃO;LEI COMPLEMENTAR 187
25000.052753/2010-10;05/04/2010;17/12/2009;;48.547.806/0001-20;REQUERIMENTO>>RENOVAÇÃO;LEI 12.101
25000.104173/2012-79;14/06/2012;;;48.547.806/0001-20;REQUERIMENTO>>RENOVAÇÃO;LEI 12.101
25000.237687/2014-71;23/12/2014;;22/12/2014;48.547.806/0001-20;REQUERIMENTO>>RENOVAÇÃO;LEI 12.101
25000.492295/2017-16;20/12/2017;;;48.547.806/0001-20;PROCESSO>>SUPERVISÃO;LEI 12.101
25000.495934/2017-03;28/12/2017;;;48.547.806/0001-20;REQUERIMENTO>>RENOVAÇÃO;LEI 12.101
25000.069939/2019-38;24/04/2019;;;48.547.806/0001-20;PROCESSO>>SUPERVISÃO;LEI 12.101
25000.180226/2020-68;21/12/2020;;;48.547.806/0001-20;REQUERIMENTO>>RENOVAÇÃO;LEI 12.101
25000.086749/2021-08;09/06/2021;;;48.547.806/0001-20;PROCESSO>>SUPERVISÃO;LEI 12.101
25000.189970/2023-71;19/12/2023;;;48.547.806/0001-20;REQUERIMENTO>>RENOVAÇÃO;LEI COMPLEMENTAR 187
25000.044167/2010-93;22/03/2010;29/09/2009;;01.368.232/0001-60;REQUERIMENTO>>RENOVAÇÃO;DECRETO 2536
25000.133188/2012-44;26/06/2012;;;01.368.232/0001-60;REQUERIMENTO>>RENOVAÇÃO;LEI 12.101
25000.001255/2015-13;06/01/2015;;29/12/2014;01.368.232/0001-60;REQUERIMENTO>>RENOVAÇÃO;LEI 12.101
25000.107288/2015-68;07/07/2015;;29/06/2015;01.368.232/0001-60;REQUERIMENTO>>RENOVAÇÃO;LEI 12.101
25000.210051/2015-63;24/12/2015;;;01.368.232/0001-60;PROCESSO>>SUPERVISÃO;DECRETO 2536
25000.027878/2018-51;16/02/2018;;;01.368.232/0001-60;PROCESSO>>SUPERVISÃO;LEI 12.101
25000.207152/2018-08;30/11/2018;;;01.368.232/0001-60;REQUERIMENTO>>RENOVAÇÃO;LEI 12.101
25000.142232/2019-83;26/08/2019;;;01.368.232/0001-60;PROCESSO>>SUPERVISÃO;LEI 12.101
25000.132178/2021-82;02/09/2021;;;01.368.232/0001-60;REQUERIMENTO>>RENOVAÇÃO;LEI 12.101
25000.083394/2022-78;14/06/2022;;;01.368.232/0001-60;PROCESSO>>SUPERVISÃO;LEI 12.101
25000.016356/2025-52;04/02/2025;;;01.368.232/0001-60;REQUERIMENTO>>RENOVAÇÃO;LEI COMPLEMENTAR 187
25000.045197/2026-84;26/03/2026;;;01.368.232/0001-60;PROCESSO>>SUPERVISÃO;LEI 12.101
25000.052414/2011-14;30/03/2011;;;51.473.692/0001-26;REQUERIMENTO>>RENOVAÇÃO;LEI 12.101
25000.076200/2014-78;24/04/2014;;;51.473.692/0001-26;REQUERIMENTO>>RENOVAÇÃO;LEI 12.101
25000.072936/2016-39;13/05/2016;;10/05/2016;51.473.692/0001-26;REQUERIMENTO>>RENOVAÇÃO;LEI 12.101
25000.006283/2018-61;12/01/2018;;;51.473.692/0001-26;PROCESSO>>SUPERVISÃO;LEI 12.101
25000.051868/2019-17;25/03/2019;;;51.473.692/0001-26;REQUERIMENTO>>RENOVAÇÃO;LEI 12.101
25000.047366/2020-25;03/04/2020;;;51.473.692/0001-26;PROCESSO>>SUPERVISÃO CANCELAMENTO;LEI 12.101
25000.162856/2021-31;05/11/2021;;;51.473.692/0001-26;REQUERIMENTO>>RENOVAÇÃO;LEI 12.101
25000.044693/2023-78;03/04/2023;;;51.473.692/0001-26;PROCESSO>>SUPERVISÃO;LEI 12.101
25000.158849/2024-88;21/10/2024;;;51.473.692/0001-26;REQUERIMENTO>>RENOVAÇÃO;LEI COMPLEMENTAR 187
25000.024470/2010-70;18/02/2010;02/10/2009;;51.469.187/0001-08;REQUERIMENTO>>RENOVAÇÃO;DECRETO 2536
25000.186593/2012-65;19/10/2012;;;51.469.187/0001-08;REQUERIMENTO>>RENOVAÇÃO;LEI 12.101
25000.106876/2015-84;06/07/2015;;29/06/2015;51.469.187/0001-08;REQUERIMENTO>>RENOVAÇÃO;LEI 12.101
25000.055886/2016-25;13/04/2016;;;51.469.187/0001-08;PROCESSO>>SUPERVISÃO;DECRETO 2536
25000.026239/2018-78;14/02/2018;;;51.469.187/0001-08;PROCESSO>>SUPERVISÃO;LEI 12.101
25000.212324/2018-57;10/12/2018;;;51.469.187/0001-08;REQUERIMENTO>>RENOVAÇÃO;LEI 12.101
25000.117821/2019-23;15/07/2019;;;51.469.187/0001-08;PROCESSO>>SUPERVISÃO;LEI 12.101
25000.134923/2021-28;08/09/2021;;;51.469.187/0001-08;REQUERIMENTO>>RENOVAÇÃO;LEI 12.101
25000.087888/2022-21;23/06/2022;;;51.469.187/0001-08;PROCESSO>>SUPERVISÃO;LEI 12.101
25000.172192/2024-61;12/11/2024;;;51.469.187/0001-08;REQUERIMENTO>>RENOVAÇÃO;LEI COMPLEMENTAR 187
25000.100521/2025-53;16/06/2025;;;51.469.187/0001-08;PROCESSO>>SUPERVISÃO;LEI 12.101
25000.033138/2020-78;09/03/2020;;;26.000.523/0001-21;REQUERIMENTO>>CONCESSÃO;LEI 12.101
25000.078274/2021-78;25/05/2021;;21/05/2021;26.000.523/0001-21;REQUERIMENTO>>CONCESSÃO;LEI 12.101
25000.148121/2025-29;26/08/2025;;;26.000.523/0001-21;REQUERIMENTO>>RENOVAÇÃO;LEI COMPLEMENTAR 187
25000.043212/2026-50;23/03/2026;;;26.000.523/0001-21;PROCESSO>>SUPERVISÃO;LEI 12.101
25000.226155/2025-61;29/12/2025;;;57.585.943/0001-40;REQUERIMENTO>>CONCESSÃO;LEI COMPLEMENTAR 187
25000.101901/2026-96;07/07/2026;;;57.585.943/0001-40;REQUERIMENTO>>CONCESSÃO;LEI COMPLEMENTAR 187
25000.666491/2009-23;23/12/2009;;;43.964.931/0001-12;REQUERIMENTO>>RENOVAÇÃO;LEI 12.101
25000.109634/2012-08;27/06/2012;;;43.964.931/0001-12;REQUERIMENTO>>RENOVAÇÃO;LEI 12.101
25000.190215/2014-48;13/10/2014;;08/10/2014;43.964.931/0001-12;REQUERIMENTO>>RENOVAÇÃO;LEI 12.101
25000.006942/2016-06;15/01/2016;;;43.964.931/0001-12;PROCESSO>>SUPERVISÃO;LEI 12.101
25000.456421/2017-79;20/10/2017;;16/10/2017;43.964.931/0001-12;REQUERIMENTO>>RENOVAÇÃO;LEI 12.101
25000.032378/2018-31;26/02/2018;;;43.964.931/0001-12;PROCESSO>>SUPERVISÃO CANCELAMENTO;LEI 12.101
25000.120012/2020-32;25/08/2020;;;43.964.931/0001-12;REQUERIMENTO>>RENOVAÇÃO;LEI 12.101
25000.067870/2021-22;05/05/2021;;;43.964.931/0001-12;PROCESSO>>SUPERVISÃO;LEI 12.101
25000.116718/2023-42;11/08/2023;;;43.964.931/0001-12;REQUERIMENTO>>RENOVAÇÃO;LEI COMPLEMENTAR 187
25000.136192/2024-06;11/09/2024;;;43.964.931/0001-12;PROCESSO>>SUPERVISÃO;LEI 12.101
25000.197124/2024-13;27/12/2024;;;43.964.931/0001-12;REQUERIMENTO>>RENOVAÇÃO;LEI COMPLEMENTAR 187
25000.033219/2010-04;04/03/2010;27/10/2009;;55.990.451/0001-05;REQUERIMENTO>>RENOVAÇÃO;DECRETO 2536
25000.131535/2012-02;28/06/2012;;;55.990.451/0001-05;REQUERIMENTO>>RENOVAÇÃO;LEI 12.101
25000.098452/2015-39;23/06/2015;;17/06/2015;55.990.451/0001-05;REQUERIMENTO>>RENOVAÇÃO;LEI 12.101
25000.068547/2016-17;05/05/2016;;;55.990.451/0001-05;PROCESSO>>SUPERVISÃO;DECRETO 2536
25000.016340/2018-11;26/01/2018;;;55.990.451/0001-05;PROCESSO>>SUPERVISÃO;LEI 12.101
25000.098963/2018-01;06/06/2018;;;55.990.451/0001-05;REQUERIMENTO>>RENOVAÇÃO;LEI 12.101
25000.129857/2019-50;07/08/2019;;;55.990.451/0001-05;PROCESSO>>SUPERVISÃO;LEI 12.101
25000.150692/2021-08;08/10/2021;;;55.990.451/0001-05;REQUERIMENTO>>RENOVAÇÃO;LEI 12.101
25000.082368/2022-22;10/06/2022;;;55.990.451/0001-05;PROCESSO>>SUPERVISÃO;LEI 12.101
25000.132590/2024-45;04/09/2024;;;55.990.451/0001-05;REQUERIMENTO>>RENOVAÇÃO;LEI COMPLEMENTAR 187
25000.101039/2025-31;17/06/2025;;;55.990.451/0001-05;PROCESSO>>SUPERVISÃO;LEI 12.101
25000.052936/2010-27;05/04/2010;07/12/2009;;73.433.427/0001-57;REQUERIMENTO>>RENOVAÇÃO;LEI 12.101
25000.109581/2012-17;27/06/2012;;;73.433.427/0001-57;REQUERIMENTO>>RENOVAÇÃO;LEI 12.101
25000.063596/2013-11;22/04/2013;;;73.433.427/0001-57;PROCESSO>>SUPERVISÃO;LEI 12.101
25000.233495/2014-96;08/05/2014;;;73.433.427/0001-57;REQUERIMENTO>>RENOVAÇÃO;LEI 12.101
25000.483184/2017-19;05/12/2017;;01/12/2017;73.433.427/0001-57;REQUERIMENTO>>RENOVAÇÃO;LEI 12.101
25000.024525/2018-07;08/02/2018;;;73.433.427/0001-57;PROCESSO>>SUPERVISÃO;LEI 12.101
25000.199889/2018-31;19/11/2018;;;73.433.427/0001-57;PROCESSO>>SUPERVISÃO;LEI 12.101
25000.153175/2020-00;03/11/2020;;;73.433.427/0001-57;REQUERIMENTO>>RENOVAÇÃO;LEI 12.101
25000.095231/2021-57;23/06/2021;;;73.433.427/0001-57;PROCESSO>>SUPERVISÃO;LEI 12.101
25000.177916/2023-82;24/11/2023;;;73.433.427/0001-57;REQUERIMENTO>>RENOVAÇÃO;LEI COMPLEMENTAR 187
25000.143101/2024-81;24/09/2024;;;73.433.427/0001-57;PROCESSO>>SUPERVISÃO;LEI 12.101
25000.196350/2024-79;20/12/2024;;;73.433.427/0001-57;REQUERIMENTO>>RENOVAÇÃO;LEI COMPLEMENTAR 187
25000.669871/2009-10;28/12/2009;;;86.185.220/0001-52;REQUERIMENTO>>RENOVAÇÃO;LEI 12.101
25000.124278/2012-44;19/07/2012;;;86.185.220/0001-52;REQUERIMENTO>>RENOVAÇÃO;LEI 12.101
25000.136124/2016-29;01/09/2016;14/12/2009;11/08/2016;86.185.220/0001-52;REQUERIMENTO>>RENOVAÇÃO;LEI 12.101
25000.042157/2017-90;21/03/2017;31/07/2012;15/05/2016;86.185.220/0001-52;REQUERIMENTO>>RENOVAÇÃO;LEI 12.101
25000.156055/2018-31;05/09/2018;12/12/2014;14/08/2018;86.185.220/0001-52;REQUERIMENTO>>RENOVAÇÃO;LEI 12.101
25000.128715/2020-17;14/09/2020;;;86.185.220/0001-52;REQUERIMENTO>>RENOVAÇÃO;LEI 12.101
23123.007733/2017-31;02/12/2020;08/11/2017;27/11/2020;86.185.220/0001-52;REQUERIMENTO>>CONCESSÃO;LEI 12.101
25000.183778/2023-71;06/12/2023;;;86.185.220/0001-52;REQUERIMENTO>>RENOVAÇÃO;LEI COMPLEMENTAR 187
25000.016558/2025-02;04/02/2025;;;86.185.220/0001-52;PROCESSO>>SUPERVISÃO;LEI 12.101
25000.159831/2010-06;02/09/2010;;;47.266.838/0001-95;REQUERIMENTO>>RENOVAÇÃO;LEI 12.101
25000.039635/2013-51;13/03/2013;;;47.266.838/0001-95;REQUERIMENTO>>RENOVAÇÃO;LEI 12.101
25000.203935/2014-81;03/11/2014;;23/10/2014;47.266.838/0001-95;REQUERIMENTO>>RENOVAÇÃO;LEI 12.101
25000.036876/2017-71;13/03/2017;;;47.266.838/0001-95;PROCESSO>>SUPERVISÃO;LEI 12.101
25000.459956/2017-00;26/10/2017;;26/10/2017;47.266.838/0001-95;REQUERIMENTO>>RENOVAÇÃO;LEI 12.101
25000.076617/2019-45;06/05/2019;;;47.266.838/0001-95;PROCESSO>>SUPERVISÃO;LEI 12.101
25000.159893/2020-81;16/11/2020;;;47.266.838/0001-95;REQUERIMENTO>>RENOVAÇÃO;LEI 12.101
25000.038871/2022-41;18/03/2022;;;47.266.838/0001-95;PROCESSO>>SUPERVISÃO;LEI 12.101
25000.145891/2023-58;27/09/2023;;;47.266.838/0001-95;REQUERIMENTO>>RENOVAÇÃO;LEI COMPLEMENTAR 187
25000.040209/2025-01;19/03/2025;;;47.266.838/0001-95;PROCESSO>>SUPERVISÃO;LEI 12.101
25000.081797/2025-25;23/05/2025;;;47.266.838/0001-95;REQUERIMENTO>>RENOVAÇÃO;LEI COMPLEMENTAR 187
25000.195761/2018-07;09/11/2018;;;11.337.750/0001-70;REQUERIMENTO>>CONCESSÃO;LEI 12.101
25000.065538/2019-17;15/04/2019;;;11.337.750/0001-70;REQUERIMENTO>>CONCESSÃO;LEI 12.101
25000.048211/2020-14;06/04/2020;;;11.337.750/0001-70;REQUERIMENTO>>CONCESSÃO;LEI 12.101
25000.132385/2023-07;11/09/2023;;;11.337.750/0001-70;REQUERIMENTO>>CONCESSÃO;LEI COMPLEMENTAR 187
25000.150900/2023-22;05/10/2023;;;11.337.750/0001-70;REQUERIMENTO>>RENOVAÇÃO;LEI COMPLEMENTAR 187
25000.037308/2025-06;14/03/2025;;;11.337.750/0001-70;REQUERIMENTO>>RENOVAÇÃO;LEI COMPLEMENTAR 187
25000.036515/2026-16;11/03/2026;;;11.337.750/0001-70;PROCESSO>>SUPERVISÃO;LEI 12.101
25000.078692/2010-11;13/05/2010;;;17.209.891/0001-93;REQUERIMENTO>>RENOVAÇÃO;LEI 12.101
25000.081620/2010-42;17/05/2010;12/07/2007;;17.209.891/0001-93;REQUERIMENTO>>RENOVAÇÃO;DECRETO 2536
25000.213079/2012-18;30/11/2012;;;17.209.891/0001-93;PROCESSO>>SUPERVISÃO;LEI 12.101
25000.223565/2012-36;18/12/2012;;;17.209.891/0001-93;REQUERIMENTO>>RENOVAÇÃO;LEI 12.101
25000.107727/2015-32;07/07/2015;;07/07/2015;17.209.891/0001-93;REQUERIMENTO>>RENOVAÇÃO;LEI 12.101
25000.118797/2018-69;09/07/2018;;;17.209.891/0001-93;REQUERIMENTO>>RENOVAÇÃO;LEI 12.101
25000.031237/2019-81;14/02/2019;;;17.209.891/0001-93;PROCESSO>>SUPERVISÃO CANCELAMENTO;LEI 12.101
25000.065908/2021-22;03/05/2021;;;17.209.891/0001-93;PROCESSO>>SUPERVISÃO;LEI 12.101
25000.119926/2021-31;10/08/2021;;;17.209.891/0001-93;REQUERIMENTO>>RENOVAÇÃO;LEI 12.101
25000.124243/2023-68;28/08/2023;;;17.209.891/0001-93;PROCESSO>>SUPERVISÃO;LEI 12.101
25000.116395/2024-78;06/08/2024;;;17.209.891/0001-93;REQUERIMENTO>>RENOVAÇÃO;LEI COMPLEMENTAR 187
25000.158761/2025-47;11/09/2025;;;17.209.891/0001-93;PROCESSO>>SUPERVISÃO;LEI 12.101
25000.105876/2023-77;24/07/2023;;;06.011.405/0001-01;REQUERIMENTO>>CONCESSÃO;LEI COMPLEMENTAR 187
25000.073396/2024-11;20/05/2024;;;06.011.405/0001-01;REQUERIMENTO>>CONCESSÃO;LEI COMPLEMENTAR 187
25000.656287/2009-02;07/12/2009;;;80.612.294/0001-41;REQUERIMENTO>>RENOVAÇÃO;LEI 12.101
25000.087473/2012-86;21/05/2012;;;80.612.294/0001-41;REQUERIMENTO>>RENOVAÇÃO;LEI 12.101
25000.209577/2014-10;11/11/2014;;05/11/2014;80.612.294/0001-41;REQUERIMENTO>>RENOVAÇÃO;LEI 12.101
25000.239510/2014-18;02/01/2015;;;80.612.294/0001-41;PROCESSO>>SUPERVISÃO;LEI 12.101
25000.071851/2016-33;12/05/2016;;04/05/2016;80.612.294/0001-41;REQUERIMENTO>>RENOVAÇÃO;LEI 12.101
25000.073958/2017-05;19/05/2017;;;80.612.294/0001-41;REQUERIMENTO>>RENOVAÇÃO;LEI 12.101
25000.032272/2018-37;26/02/2018;;;80.612.294/0001-41;PROCESSO>>SUPERVISÃO;LEI 12.101
25000.203486/2018-02;26/11/2018;;;80.612.294/0001-41;PROCESSO>>SUPERVISÃO;LEI 12.101
25000.206666/2019-19;13/12/2019;;;80.612.294/0001-41;REQUERIMENTO>>RENOVAÇÃO;LEI 12.101
25000.015622/2020-15;04/02/2020;;;80.612.294/0001-41;REQUERIMENTO>>RENOVAÇÃO;LEI 12.101
25000.096926/2021-56;25/06/2021;;;80.612.294/0001-41;PROCESSO>>SUPERVISÃO;LEI 12.101
25000.173742/2022-06;20/12/2022;;;80.612.294/0001-41;REQUERIMENTO>>CONCESSÃO;LEI COMPLEMENTAR 187
25000.123003/2024-27;19/08/2024;;;80.612.294/0001-41;REQUERIMENTO>>RENOVAÇÃO;LEI COMPLEMENTAR 187
25000.141541/2024-01;20/09/2024;;;80.612.294/0001-41;PROCESSO>>SUPERVISÃO;LEI 12.101
25000.009520/2026-56;23/01/2026;;;80.612.294/0001-41;PROCESSO>>SUPERVISÃO;LEI 12.101
25000.184388/2010-01;25/10/2010;;;55.989.784/0001-14;REQUERIMENTO>>RENOVAÇÃO;LEI 12.101
25000.193418/2013-13;24/10/2013;;;55.989.784/0001-14;REQUERIMENTO>>RENOVAÇÃO;LEI 12.101
25000.200887/2015-50;08/12/2015;;02/12/2015;55.989.784/0001-14;REQUERIMENTO>>RENOVAÇÃO;LEI 12.101
25000.005911/2018-91;12/01/2018;;;55.989.784/0001-14;PROCESSO>>SUPERVISÃO;LEI 12.101
25000.202715/2018-63;23/11/2018;;;55.989.784/0001-14;REQUERIMENTO>>RENOVAÇÃO;LEI 12.101
25000.179940/2019-70;29/10/2019;;;55.989.784/0001-14;PROCESSO>>SUPERVISÃO;LEI 12.101
25000.174689/2021-71;30/11/2021;;;55.989.784/0001-14;REQUERIMENTO>>RENOVAÇÃO;LEI 12.101
25000.138383/2022-32;03/10/2022;;;55.989.784/0001-14;PROCESSO>>SUPERVISÃO;LEI 12.101
25000.065241/2024-19;07/05/2024;;;55.989.784/0001-14;REQUERIMENTO>>RENOVAÇÃO;LEI COMPLEMENTAR 187
25000.011264/2026-67;27/01/2026;;;55.989.784/0001-14;PROCESSO>>SUPERVISÃO;LEI 12.101
25000.024632/2010-70;18/02/2010;08/07/2009;;50.565.936/0001-38;REQUERIMENTO>>RENOVAÇÃO;DECRETO 2536
25000.098903/2012-95;05/06/2012;;;50.565.936/0001-38;REQUERIMENTO>>RENOVAÇÃO;LEI 12.101
25000.046466/2013-13;25/03/2013;;;50.565.936/0001-38;PROCESSO>>SUPERVISÃO;DECRETO 2536
25000.208678/2015-54;22/12/2015;;14/12/2015;50.565.936/0001-38;REQUERIMENTO>>RENOVAÇÃO;LEI 12.101
25000.015622/2018-09;25/01/2018;;;50.565.936/0001-38;PROCESSO>>SUPERVISÃO;LEI 12.101
25000.188275/2018-24;30/10/2018;;;50.565.936/0001-38;REQUERIMENTO>>RENOVAÇÃO;LEI 12.101
25000.037490/2019-49;26/02/2019;;;50.565.936/0001-38;PROCESSO>>SUPERVISÃO;DECRETO 2536
25000.129727/2019-17;02/08/2019;;;50.565.936/0001-38;PROCESSO>>SUPERVISÃO;LEI 12.101
25000.153128/2021-39;15/10/2021;;;50.565.936/0001-38;REQUERIMENTO>>RENOVAÇÃO;LEI 12.101
25000.096182/2022-51;07/07/2022;;;50.565.936/0001-38;PROCESSO>>SUPERVISÃO;LEI 12.101
25000.128403/2024-29;28/08/2024;;;50.565.936/0001-38;REQUERIMENTO>>RENOVAÇÃO;LEI COMPLEMENTAR 187
25000.114878/2025-19;04/07/2025;;;50.565.936/0001-38;PROCESSO>>SUPERVISÃO;LEI 12.101
25000.043094/2017-99;22/03/2017;29/06/2012;05/01/2017;88.648.761/0001-03;REQUERIMENTO>>RENOVAÇÃO;LEI 12.101
23000.026037/2015-58;02/07/2021;31/12/2015;29/06/2021;88.648.761/0001-03;REQUERIMENTO>>CONCESSÃO;LEI 12.101
25000.176248/2023-76;23/11/2023;;22/11/2023;88.648.761/0001-03;REQUERIMENTO>>CONCESSÃO;LEI COMPLEMENTAR 187
23000.034104/2021-56;15/04/2025;21/12/2021;;88.648.761/0001-03;REQUERIMENTO>>CONCESSÃO;LEI COMPLEMENTAR 187
25000.662282/2009-19;16/12/2009;;;88.633.227/0001-15;REQUERIMENTO>>RENOVAÇÃO;LEI 12.101
25000.110221/2012-68;28/06/2012;;;88.633.227/0001-15;REQUERIMENTO>>RENOVAÇÃO;LEI 12.101
25000.228094/2012-52;27/12/2012;;;88.633.227/0001-15;PROCESSO>>SUPERVISÃO;LEI 12.101
25000.000063/2015-81;02/01/2015;;23/12/2014;88.633.227/0001-15;REQUERIMENTO>>RENOVAÇÃO;LEI 12.101
25000.492997/2017-08;21/12/2017;;;88.633.227/0001-15;REQUERIMENTO>>RENOVAÇÃO;LEI 12.101
25000.035756/2019-19;21/02/2019;;;88.633.227/0001-15;PROCESSO>>SUPERVISÃO;LEI 12.101
25000.175308/2020-91;11/12/2020;;;88.633.227/0001-15;REQUERIMENTO>>RENOVAÇÃO;LEI 12.101
25000.090197/2021-24;15/06/2021;;;88.633.227/0001-15;PROCESSO>>SUPERVISÃO;LEI 12.101
25000.190922/2023-25;21/12/2023;;;88.633.227/0001-15;REQUERIMENTO>>RENOVAÇÃO;LEI COMPLEMENTAR 187
25000.080720/2024-57;04/06/2024;;;88.633.227/0001-15;PROCESSO>>SUPERVISÃO;LEI 12.101
25000.043819/2011-53;17/03/2011;;;88.665.914/0001-12;REQUERIMENTO>>RENOVAÇÃO;LEI 12.101
25000.157627/2013-95;10/09/2013;;;88.665.914/0001-12;REQUERIMENTO>>RENOVAÇÃO;LEI 12.101
25000.035999/2016-12;10/03/2016;;;88.665.914/0001-12;REQUERIMENTO>>RENOVAÇÃO;LEI 12.101
25000.227224/2018-25;28/12/2018;;;88.665.914/0001-12;REQUERIMENTO>>RENOVAÇÃO;LEI 12.101
25000.187204/2019-95;08/11/2019;;;88.665.914/0001-12;PROCESSO>>SUPERVISÃO;LEI 12.101
25000.155298/2021-58;20/10/2021;;;88.665.914/0001-12;PROCESSO>>SUPERVISÃO;LEI 12.101
25000.186096/2021-58;24/12/2021;;;88.665.914/0001-12;REQUERIMENTO>>RENOVAÇÃO;LEI COMPLEMENTAR 187
25000.185832/2024-01;09/12/2024;;;88.665.914/0001-12;REQUERIMENTO>>RENOVAÇÃO;LEI COMPLEMENTAR 187
25000.048763/2025-29;03/04/2025;;;88.665.914/0001-12;PROCESSO>>SUPERVISÃO;LEI 12.101
25000.140213/2010-84;12/08/2010;;;48.341.283/0001-61;REQUERIMENTO>>RENOVAÇÃO;LEI 12.101
25000.215245/2012-11;04/12/2012;;;48.341.283/0001-61;PROCESSO>>SUPERVISÃO;LEI 12.101
25000.028875/2013-20;25/02/2013;;;48.341.283/0001-61;REQUERIMENTO>>RENOVAÇÃO;LEI 12.101
25000.209734/2014-97;11/11/2014;;05/11/2014;48.341.283/0001-61;REQUERIMENTO>>RENOVAÇÃO;LEI 12.101
25000.220448/2018-14;19/12/2018;;;48.341.283/0001-61;REQUERIMENTO>>CONCESSÃO;LEI 12.101
25000.082934/2019-09;16/05/2019;;;48.341.283/0001-61;PROCESSO>>SUPERVISÃO CANCELAMENTO;LEI 12.101
25000.058490/2022-88;28/04/2022;;;48.341.283/0001-61;REQUERIMENTO>>CONCESSÃO;LEI COMPLEMENTAR 187
25000.142948/2022-86;11/10/2022;;;48.341.283/0001-61;PROCESSO>>SUPERVISÃO;LEI 12.101
25000.159461/2023-13;24/10/2023;;;48.341.283/0001-61;REQUERIMENTO>>RENOVAÇÃO;LEI COMPLEMENTAR 187
25000.135507/2024-90;10/09/2024;;;48.341.283/0001-61;PROCESSO>>SUPERVISÃO;LEI 12.101
25000.105984/2026-92;14/07/2026;;;48.341.283/0001-61;REQUERIMENTO>>RENOVAÇÃO;LEI COMPLEMENTAR 187
25000.052803/2010-51;05/04/2010;23/12/2009;;03.276.524/0001-06;REQUERIMENTO>>RENOVAÇÃO;LEI 12.101
25000.134401/2012-35;02/07/2012;;;03.276.524/0001-06;REQUERIMENTO>>RENOVAÇÃO;LEI 12.101
25000.175339/2013-12;03/10/2013;;;03.276.524/0001-06;PROCESSO>>SUPERVISÃO;LEI 12.101
25000.213734/2014-91;17/11/2014;;14/11/2014;03.276.524/0001-06;REQUERIMENTO>>RENOVAÇÃO;LEI 12.101
25000.434353/2017-97;18/09/2017;;14/09/2017;03.276.524/0001-06;REQUERIMENTO>>RENOVAÇÃO;LEI 12.101
25000.032929/2018-66;26/02/2018;;;03.276.524/0001-06;PROCESSO>>SUPERVISÃO CANCELAMENTO;LEI 12.101
25000.203070/2018-86;26/11/2018;;;03.276.524/0001-06;PROCESSO>>SUPERVISÃO;LEI 12.101
25000.161316/2020-50;18/11/2020;;;03.276.524/0001-06;REQUERIMENTO>>RENOVAÇÃO;LEI 12.101
25000.090263/2021-66;15/06/2021;;;03.276.524/0001-06;PROCESSO>>SUPERVISÃO;LEI 12.101
25000.190045/2023-92;19/12/2023;;;03.276.524/0001-06;REQUERIMENTO>>RENOVAÇÃO;LEI COMPLEMENTAR 187
25000.139862/2025-19;13/08/2025;;;03.276.524/0001-06;PROCESSO>>SUPERVISÃO;LEI 12.101
25000.033165/2010-79;04/03/2010;16/10/2009;;31.517.493/0001-65;REQUERIMENTO>>RENOVAÇÃO;DECRETO 2536
25000.131114/2012-73;27/06/2012;;;31.517.493/0001-65;REQUERIMENTO>>RENOVAÇÃO;LEI 12.101
25000.189387/2015-50;19/11/2015;;;31.517.493/0001-65;PROCESSO>>SUPERVISÃO;DECRETO 2536
25000.208990/2015-48;22/12/2015;;16/12/2015;31.517.493/0001-65;REQUERIMENTO>>RENOVAÇÃO;LEI 12.101
25000.017064/2018-16;29/01/2018;;;31.517.493/0001-65;PROCESSO>>SUPERVISÃO;LEI 12.101
25000.196591/2018-70;12/11/2018;;;31.517.493/0001-65;REQUERIMENTO>>RENOVAÇÃO;LEI 12.101
25000.127089/2019-08;30/07/2019;;;31.517.493/0001-65;PROCESSO>>SUPERVISÃO;LEI 12.101
25000.003464/2022-12;10/01/2022;;28/12/2021;31.517.493/0001-65;REQUERIMENTO>>RENOVAÇÃO;LEI COMPLEMENTAR 187
25000.088611/2022-16;18/07/2022;;;31.517.493/0001-65;PROCESSO>>SUPERVISÃO;LEI 12.101
25000.133738/2023-88;13/09/2023;;;31.517.493/0001-65;REQUERIMENTO>>CONCESSÃO;LEI COMPLEMENTAR 187
25000.025292/2024-08;27/02/2024;;;31.517.493/0001-65;PROCESSO>>SUPERVISÃO;LEI 12.101
25000.128396/2010-60;27/07/2010;;;45.349.461/0001-02;REQUERIMENTO>>RENOVAÇÃO;LEI 12.101
25000.133420/2012-44;29/06/2012;;;45.349.461/0001-02;REQUERIMENTO>>RENOVAÇÃO;LEI 12.101
25000.204027/2014-12;03/11/2014;;27/10/2014;45.349.461/0001-02;REQUERIMENTO>>RENOVAÇÃO;LEI 12.101
25000.017153/2017-73;03/02/2017;;;45.349.461/0001-02;PROCESSO>>SUPERVISÃO;LEI 12.101
25000.490265/2017-75;18/12/2017;;;45.349.461/0001-02;REQUERIMENTO>>RENOVAÇÃO;LEI 12.101
25000.069052/2019-40;22/04/2019;;;45.349.461/0001-02;PROCESSO>>SUPERVISÃO CANCELAMENTO;LEI 12.101
25000.062671/2021-28;27/04/2021;;;45.349.461/0001-02;REQUERIMENTO>>CONCESSÃO;LEI 12.101
25000.017310/2022-16;07/02/2022;;;45.349.461/0001-02;PROCESSO>>SUPERVISÃO;LEI 12.101
25000.170464/2025-70;01/10/2025;;;45.349.461/0001-02;REQUERIMENTO>>RENOVAÇÃO;LEI COMPLEMENTAR 187
25000.085350/2026-14;08/06/2026;;;45.349.461/0001-02;PROCESSO>>SUPERVISÃO;LEI 12.101
25000.214416/2010-14;03/12/2010;;;03.099.157/0001-04;REQUERIMENTO>>RENOVAÇÃO;LEI 12.101
25000.034997/2013-55;07/03/2013;;;03.099.157/0001-04;PROCESSO>>SUPERVISÃO;LEI 12.101
25000.000252/2015-54;02/01/2015;;23/12/2014;03.099.157/0001-04;REQUERIMENTO>>RENOVAÇÃO;LEI 12.101
25000.088387/2018-86;18/05/2018;;;03.099.157/0001-04;REQUERIMENTO>>RENOVAÇÃO;LEI 12.101
25000.201299/2018-86;21/11/2018;;;03.099.157/0001-04;PROCESSO>>SUPERVISÃO;LEI 12.101
25000.062013/2019-11;09/04/2019;;;03.099.157/0001-04;PROCESSO>>SUPERVISÃO;LEI 12.101
25000.132111/2020-67;21/09/2020;;;03.099.157/0001-04;REQUERIMENTO>>RENOVAÇÃO;LEI 12.101
25000.003767/2022-35;10/01/2022;;;03.099.157/0001-04;PROCESSO>>SUPERVISÃO;LEI 12.101
25000.006001/2025-55;14/01/2025;;;03.099.157/0001-04;PROCESSO>>SUPERVISÃO;LEI 12.101
25000.217256/2025-41;12/12/2025;;;03.099.157/0001-04;REQUERIMENTO>>RENOVAÇÃO;LEI COMPLEMENTAR 187
25000.025868/2010-23;22/02/2010;31/12/2007;;05.877.609/0001-67;REQUERIMENTO>>CONCESSÃO;DECRETO 2536
25000.183616/2014-41;02/10/2014;;29/09/2014;05.877.609/0001-67;REQUERIMENTO>>RENOVAÇÃO;LEI 12.101
25000.463622/2017-22;01/11/2017;;30/10/2017;05.877.609/0001-67;REQUERIMENTO>>RENOVAÇÃO;LEI 12.101
25000.005073/2018-56;10/01/2018;;;05.877.609/0001-67;PROCESSO>>SUPERVISÃO;DECRETO 2536
25000.032319/2018-62;26/02/2018;;;05.877.609/0001-67;PROCESSO>>SUPERVISÃO;LEI 12.101
25000.145001/2020-65;15/10/2020;;;05.877.609/0001-67;REQUERIMENTO>>RENOVAÇÃO;LEI 12.101
25000.091897/2021-36;17/06/2021;;;05.877.609/0001-67;PROCESSO>>SUPERVISÃO;LEI 12.101
25000.073954/2023-67;30/05/2023;;;05.877.609/0001-67;REQUERIMENTO>>RENOVAÇÃO;LEI COMPLEMENTAR 187
25000.100472/2024-78;05/07/2024;;;05.877.609/0001-67;REQUERIMENTO>>RENOVAÇÃO;LEI COMPLEMENTAR 187
25000.138832/2024-12;16/09/2024;;;05.877.609/0001-67;PROCESSO>>SUPERVISÃO;LEI 12.101
25000.002116/2026-51;07/01/2026;;;05.877.609/0001-67;PROCESSO>>SUPERVISÃO;LEI 12.101
25000.019581/2018-11;01/02/2018;;;28.700.530/0001-61;REQUERIMENTO>>CONCESSÃO;LEI 12.101
25000.171715/2018-12;26/09/2018;;21/09/2018;28.700.530/0001-61;REQUERIMENTO>>CONCESSÃO;LEI 12.101
25000.062380/2019-15;10/04/2019;;;28.700.530/0001-61;REQUERIMENTO>>CONCESSÃO;LEI 12.101
25000.073784/2025-82;15/05/2025;;;28.700.530/0001-61;REQUERIMENTO>>RENOVAÇÃO;LEI COMPLEMENTAR 187
25000.012837/2026-70;29/01/2026;;;28.700.530/0001-61;PROCESSO>>SUPERVISÃO;LEI 12.101
25000.052926/2010-91;05/04/2010;17/12/2009;;86.377.553/0001-83;REQUERIMENTO>>RENOVAÇÃO;LEI 12.101
25000.196530/2012-17;01/11/2012;;;86.377.553/0001-83;REQUERIMENTO>>RENOVAÇÃO;LEI 12.101
25000.175289/2013-73;03/10/2013;;;86.377.553/0001-83;PROCESSO>>SUPERVISÃO;LEI 12.101
25000.209932/2014-51;12/11/2014;;31/10/2014;86.377.553/0001-83;REQUERIMENTO>>RENOVAÇÃO;LEI 12.101
25000.468598/2017-18;09/11/2017;;01/11/2017;86.377.553/0001-83;REQUERIMENTO>>RENOVAÇÃO;LEI 12.101
25000.035094/2018-04;02/03/2018;;;86.377.553/0001-83;PROCESSO>>SUPERVISÃO;LEI 12.101
25000.216597/2018-71;14/12/2018;;;86.377.553/0001-83;PROCESSO>>SUPERVISÃO;LEI 12.101
25000.088742/2020-31;22/06/2020;;;86.377.553/0001-83;REQUERIMENTO>>RENOVAÇÃO;LEI 12.101
25000.087678/2021-52;10/06/2021;;;86.377.553/0001-83;PROCESSO>>SUPERVISÃO CANCELAMENTO;LEI 12.101
25000.109836/2023-02;01/08/2023;;;86.377.553/0001-83;REQUERIMENTO>>RENOVAÇÃO;LEI COMPLEMENTAR 187
25000.064328/2024-61;06/05/2024;;;86.377.553/0001-83;REQUERIMENTO>>RENOVAÇÃO;LEI COMPLEMENTAR 187
25000.136576/2024-11;11/09/2024;;;86.377.553/0001-83;PROCESSO>>SUPERVISÃO;LEI 12.101
25000.224831/2025-62;24/12/2025;;;86.377.553/0001-83;REQUERIMENTO>>RENOVAÇÃO;LEI COMPLEMENTAR 187
25000.029001/2011-28;15/02/2011;;;53.221.255/0001-40;REQUERIMENTO>>RENOVAÇÃO;LEI 12.101
25000.201134/2013-08;31/10/2013;;;53.221.255/0001-40;REQUERIMENTO>>RENOVAÇÃO;LEI 12.101
25000.210073/2015-23;24/12/2015;;10/12/2015;53.221.255/0001-40;REQUERIMENTO>>RENOVAÇÃO;LEI 12.101
25000.008949/2018-16;17/01/2018;;;53.221.255/0001-40;PROCESSO>>SUPERVISÃO CANCELAMENTO;LEI 12.101
25000.210343/2018-49;06/12/2018;;;53.221.255/0001-40;REQUERIMENTO>>RENOVAÇÃO;LEI 12.101
25000.015303/2020-18;04/02/2020;;;53.221.255/0001-40;PROCESSO>>SUPERVISÃO CANCELAMENTO;LEI 12.101
25000.128852/2021-24;26/08/2021;;;53.221.255/0001-40;REQUERIMENTO>>RENOVAÇÃO;LEI 12.101
25000.015559/2023-60;02/02/2023;;;53.221.255/0001-40;PROCESSO>>SUPERVISÃO;LEI 12.101
25000.139441/2024-15;17/09/2024;;;53.221.255/0001-40;REQUERIMENTO>>RENOVAÇÃO;LEI COMPLEMENTAR 187
25000.016059/2026-98;04/02/2026;;;53.221.255/0001-40;PROCESSO>>SUPERVISÃO;LEI 12.101
25000.091349/2010-53;31/05/2010;;;50.730.902/0001-51;REQUERIMENTO>>RENOVAÇÃO;LEI 12.101
25000.144329/2012-54;17/08/2012;;;50.730.902/0001-51;PROCESSO>>SUPERVISÃO;LEI 12.101
25000.045276/2013-71;21/03/2013;;;50.730.902/0001-51;REQUERIMENTO>>RENOVAÇÃO;LEI 12.101
25000.152329/2015-71;18/09/2015;;14/09/2015;50.730.902/0001-51;REQUERIMENTO>>RENOVAÇÃO;LEI 12.101
25000.129976/2018-21;26/07/2018;;;50.730.902/0001-51;REQUERIMENTO>>RENOVAÇÃO;LEI 12.101
25000.068378/2019-50;18/04/2019;;;50.730.902/0001-51;PROCESSO>>SUPERVISÃO;LEI 12.101
25000.039129/2021-71;15/03/2021;;;50.730.902/0001-51;REQUERIMENTO>>RENOVAÇÃO;LEI 12.101
25000.044802/2022-76;31/03/2022;;;50.730.902/0001-51;PROCESSO>>SUPERVISÃO;LEI 12.101
25000.187277/2025-25;30/10/2025;;;50.730.902/0001-51;REQUERIMENTO>>RENOVAÇÃO;LEI COMPLEMENTAR 187
25000.036826/2026-85;11/03/2026;;;50.730.902/0001-51;PROCESSO>>SUPERVISÃO;LEI 12.101
25000.201256/2010-43;22/11/2010;;;97.279.350/0001-70;REQUERIMENTO>>RENOVAÇÃO;LEI 12.101
25000.085119/2013-06;22/05/2013;;;97.279.350/0001-70;REQUERIMENTO>>RENOVAÇÃO;LEI 12.101
25000.173262/2015-16;22/10/2015;;19/10/2015;97.279.350/0001-70;REQUERIMENTO>>RENOVAÇÃO;LEI 12.101
25000.076388/2017-05;24/05/2017;;;97.279.350/0001-70;PROCESSO>>SUPERVISÃO;LEI 12.101
25000.179971/2018-40;16/10/2018;;;97.279.350/0001-70;REQUERIMENTO>>RENOVAÇÃO;LEI 12.101
25000.100051/2019-80;13/06/2019;;;97.279.350/0001-70;PROCESSO>>SUPERVISÃO;LEI 12.101
25000.138721/2021-55;16/09/2021;;;97.279.350/0001-70;REQUERIMENTO>>RENOVAÇÃO;LEI 12.101
25000.090080/2022-21;28/06/2022;;;97.279.350/0001-70;PROCESSO>>SUPERVISÃO;LEI 12.101
25000.221979/2025-45;19/12/2025;;;97.279.350/0001-70;REQUERIMENTO>>RENOVAÇÃO;LEI COMPLEMENTAR 187
25000.044202/2026-31;24/03/2026;;;97.279.350/0001-70;PROCESSO>>SUPERVISÃO;LEI 12.101
25000.024771/2010-01;18/02/2010;04/05/2009;;67.185.694/0001-50;REQUERIMENTO>>RENOVAÇÃO;DECRETO 2536
25000.204418/2011-86;16/11/2011;;;67.185.694/0001-50;REQUERIMENTO>>RENOVAÇÃO;LEI 12.101
25000.107311/2015-14;07/07/2015;;;67.185.694/0001-50;PROCESSO>>SUPERVISÃO;DECRETO 2536
25000.496753/2017-96;29/12/2017;;;67.185.694/0001-50;REQUERIMENTO>>RENOVAÇÃO;LEI 12.101
25000.028865/2018-07;20/02/2018;;;67.185.694/0001-50;PROCESSO>>SUPERVISÃO;LEI 12.101
25000.196837/2018-11;12/11/2018;;;67.185.694/0001-50;PROCESSO>>SUPERVISÃO;LEI 12.101
25000.177411/2020-75;15/12/2020;;;67.185.694/0001-50;REQUERIMENTO>>RENOVAÇÃO;LEI 12.101
25000.164983/2021-75;09/11/2021;;;67.185.694/0001-50;PROCESSO>>SUPERVISÃO;LEI 12.101
25000.170412/2024-12;08/11/2024;;;67.185.694/0001-50;PROCESSO>>SUPERVISÃO;LEI 12.101
25000.211801/2025-96;04/12/2025;;;67.185.694/0001-50;REQUERIMENTO>>RENOVAÇÃO;LEI COMPLEMENTAR 187
25000.094034/2026-25;23/06/2026;;;67.185.694/0001-50;PROCESSO>>SUPERVISÃO;LEI 12.101
25000.669297/2009-08;30/12/2009;;;59.901.454/0001-86;REQUERIMENTO>>RENOVAÇÃO;LEI 12.101
25000.096150/2011-01;31/05/2011;;;59.901.454/0001-86;REQUERIMENTO>>RENOVAÇÃO;LEI 12.101
25000.093382/2012-80;01/06/2012;;;59.901.454/0001-86;REQUERIMENTO>>RENOVAÇÃO;LEI 12.101
25000.111844/2015-09;14/07/2015;;06/07/2015;59.901.454/0001-86;REQUERIMENTO>>RENOVAÇÃO;LEI 12.101
25000.486324/2017-19;11/12/2017;;04/12/2017;59.901.454/0001-86;REQUERIMENTO>>RENOVAÇÃO;LEI 12.101
25000.010399/2018-03;19/01/2018;;;59.901.454/0001-86;PROCESSO>>SUPERVISÃO;LEI 12.101
25000.072875/2019-52;29/04/2019;;;59.901.454/0001-86;PROCESSO>>SUPERVISÃO;LEI 12.101
25000.063331/2021-14;28/04/2021;;14/04/2021;59.901.454/0001-86;REQUERIMENTO>>RENOVAÇÃO;LEI 12.101
25000.089028/2021-41;14/06/2021;;;59.901.454/0001-86;PROCESSO>>SUPERVISÃO;LEI 12.101
25000.038876/2022-73;18/03/2022;;;59.901.454/0001-86;PROCESSO>>SUPERVISÃO;LEI 12.101
25000.054325/2024-19;17/04/2024;;15/04/2024;59.901.454/0001-86;REQUERIMENTO>>RENOVAÇÃO;LEI COMPLEMENTAR 187
25000.044491/2025-98;26/03/2025;;;59.901.454/0001-86;PROCESSO>>SUPERVISÃO;LEI 12.101
25000.023534/2010-15;17/02/2010;29/07/2009;;01.585.595/0001-57;REQUERIMENTO>>RENOVAÇÃO;DECRETO 2536
25000.013643/2012-96;27/01/2012;;;01.585.595/0001-57;REQUERIMENTO>>RENOVAÇÃO;LEI 12.101
25000.213239/2012-11;30/11/2012;;;01.585.595/0001-57;PROCESSO>>SUPERVISÃO;DECRETO 2536
25000.094560/2015-32;17/06/2015;;17/06/2015;01.585.595/0001-57;REQUERIMENTO>>RENOVAÇÃO;LEI 12.101
25000.012715/2018-73;22/01/2018;;;01.585.595/0001-57;PROCESSO>>SUPERVISÃO;LEI 12.101
25000.124935/2018-49;18/07/2018;;;01.585.595/0001-57;REQUERIMENTO>>RENOVAÇÃO;LEI 12.101
25000.198921/2018-61;16/11/2018;;;01.585.595/0001-57;PROCESSO>>SUPERVISÃO;DECRETO 2536
25000.062103/2019-11;09/04/2019;;;01.585.595/0001-57;PROCESSO>>SUPERVISÃO;LEI 12.101
25000.118831/2021-09;06/08/2021;;;01.585.595/0001-57;REQUERIMENTO>>RENOVAÇÃO;LEI 12.101
25000.019942/2022-14;11/02/2022;;;01.585.595/0001-57;PROCESSO>>SUPERVISÃO;LEI 12.101
25000.021322/2025-80;12/02/2025;;;01.585.595/0001-57;PROCESSO>>SUPERVISÃO;LEI 12.101
25000.143106/2025-94;19/08/2025;;;01.585.595/0001-57;REQUERIMENTO>>RENOVAÇÃO;LEI COMPLEMENTAR 187
